timestamp,scenario_id,repeat_id,algorithm,n_nodes,n_edges,source,target,w_delay,w_rel,w_res,path_length,total_delay,rel_cost,res_cost,total_cost
2025-12-03T18:03:20,1,1,Basit,250,12375,71,190,0.5,0.3,0.2,3,10.096552713296038,0.09439065659751476,2.8606662380675685,5.648726801240787
2025-12-03T18:03:21,1,1,Q-Learning,250,12375,71,190,0.5,0.3,0.2,3,12.37694611414412,0.06890334953505997,3.7820726077648863,6.965558583485556
2025-12-03T18:03:21,1,1,SARSA,250,12375,71,190,0.5,0.3,0.2,3,22.228618353848415,0.08606361915532054,3.038670095120829,11.74786228169497
2025-12-03T18:03:21,1,2,Basit,250,12375,147,189,0.5,0.3,0.2,3,11.757675037556227,0.1724461336400873,2.139324212205479,6.358436201311235
2025-12-03T18:03:22,1,2,Q-Learning,250,12375,147,189,0.5,0.3,0.2,3,15.40332938032094,0.13725701932529494,4.659466539696305,8.67473510389732
2025-12-03T18:03:23,1,2,SARSA,250,12375,147,189,0.5,0.3,0.2,3,21.87956868408389,0.16860260325748858,13.126746716086458,13.615714466236483
2025-12-03T18:03:23,1,3,Basit,250,12375,215,234,0.5,0.3,0.2,3,8.3923391542202,0.09419371222499057,2.7792039955441687,4.780268489886431
2025-12-03T18:03:24,1,3,Q-Learning,250,12375,215,234,0.5,0.3,0.2,3,12.203506588694003,0.10119730054162474,8.302212456185766,7.792554975746642
2025-12-03T18:03:24,1,3,SARSA,250,12375,215,234,0.5,0.3,0.2,4,24.445086520107335,0.20015912468248642,8.766733284662532,14.03593765439092
2025-12-03T18:03:24,1,4,Basit,250,12375,142,234,0.5,0.3,0.2,3,8.910289116936625,0.0870103577509084,3.176121116729112,5.116471889139407
2025-12-03T18:03:25,1,4,Q-Learning,250,12375,142,234,0.5,0.3,0.2,4,21.774378349471075,0.21542979499333653,11.559353415191303,13.263688796271799
2025-12-03T18:03:26,1,4,SARSA,250,12375,142,234,0.5,0.3,0.2,3,13.217617759218472,0.13754817796830507,3.571997225252315,7.364472778050191
2025-12-03T18:03:26,1,5,Basit,250,12375,31,231,0.5,0.3,0.2,3,9.927167864237742,0.1205533591446544,3.1283458463863845,5.6254191091395445
2025-12-03T18:03:27,1,5,Q-Learning,250,12375,31,231,0.5,0.3,0.2,5,21.572385533215012,0.267094611303476,6.727780005777691,12.211877151154088
2025-12-03T18:03:27,1,5,SARSA,250,12375,31,231,0.5,0.3,0.2,4,19.93270910462618,0.22230797022425614,5.248298019462462,11.082706547272858
2025-12-03T18:03:27,2,1,Basit,250,12445,18,21,0.5,0.3,0.2,3,11.30407433655136,0.11702944084552273,4.127533086047338,6.512652617738804
2025-12-03T18:03:28,2,1,Q-Learning,250,12445,18,21,0.5,0.3,0.2,3,21.95472478391187,0.12577775866601196,3.672534813404642,11.749602682236668
2025-12-03T18:03:28,2,1,SARSA,250,12445,18,21,0.5,0.3,0.2,4,20.20309820237743,0.20965152511606142,14.903338536976516,13.145112266118836
2025-12-03T18:03:28,2,2,Basit,250,12445,37,206,0.5,0.3,0.2,3,11.728051192536645,0.10982791702571948,5.17732509477979,6.932438990331996
2025-12-03T18:03:29,2,2,Q-Learning,250,12445,37,206,0.5,0.3,0.2,3,18.55614250389549,0.12792990599762866,3.1923061386989353,9.95491145148682
2025-12-03T18:03:30,2,2,SARSA,250,12445,37,206,0.5,0.3,0.2,3,16.486586894067255,0.14460813908365164,2.84362610014857,8.855401108788437
2025-12-03T18:03:30,2,3,Basit,250,12445,89,215,0.5,0.3,0.2,2,5.7413399335286375,0.08161184207336497,4.3019248901777365,3.7555384974218757
2025-12-03T18:03:31,2,3,Q-Learning,250,12445,89,215,0.5,0.3,0.2,2,5.7413399335286375,0.08161184207336497,4.3019248901777365,3.7555384974218757
2025-12-03T18:03:31,2,3,SARSA,250,12445,89,215,0.5,0.3,0.2,2,5.7413399335286375,0.08161184207336497,4.3019248901777365,3.7555384974218757
2025-12-03T18:03:31,2,4,Basit,250,12445,113,55,0.5,0.3,0.2,2,9.31363617937133,0.07442229431811885,4.8377339609867205,5.646691570178444
2025-12-03T18:03:32,2,4,Q-Learning,250,12445,113,55,0.5,0.3,0.2,3,13.137517852715035,0.11576461032159657,4.054658471537026,7.414420003761402
2025-12-03T18:03:32,2,4,SARSA,250,12445,113,55,0.5,0.3,0.2,2,9.31363617937133,0.07442229431811885,4.8377339609867205,5.646691570178444
2025-12-03T18:03:32,2,5,Basit,250,12445,77,210,0.5,0.3,0.2,3,9.814996682396103,0.1995643676524267,2.444805287816842,5.456328709057147
2025-12-03T18:03:33,2,5,Q-Learning,250,12445,77,210,0.5,0.3,0.2,4,28.081545749834767,0.21704058934629866,3.4951906541352233,14.804923182548318
2025-12-03T18:03:33,2,5,SARSA,250,12445,77,210,0.5,0.3,0.2,3,14.826685731671562,0.1320691788527218,4.038073688523516,8.2605783571963
2025-12-03T18:03:33,3,1,Basit,250,12442,135,17,0.5,0.3,0.2,2,9.518255774175524,0.07438085392832848,2.6175283083761993,5.3049478049415
2025-12-03T18:03:34,3,1,Q-Learning,250,12442,135,17,0.5,0.3,0.2,2,9.518255774175524,0.07438085392832848,2.6175283083761993,5.3049478049415
2025-12-03T18:03:34,3,1,SARSA,250,12442,135,17,0.5,0.3,0.2,2,9.518255774175524,0.07438085392832848,2.6175283083761993,5.3049478049415
2025-12-03T18:03:34,3,2,Basit,250,12442,141,68,0.5,0.3,0.2,3,9.121661432745405,0.09658789065082365,7.880052153876259,6.1658175143432015
2025-12-03T18:03:35,3,2,Q-Learning,250,12442,141,68,0.5,0.3,0.2,4,34.16518144808693,0.14289890517123296,6.818628641241393,18.489186123843115
2025-12-03T18:03:36,3,2,SARSA,250,12442,141,68,0.5,0.3,0.2,3,17.16275120011395,0.15697603534627608,9.053581134979273,10.439184637656712
2025-12-03T18:03:36,3,3,Basit,250,12442,161,203,0.5,0.3,0.2,3,8.851100695757047,0.10261020647933534,2.849659590814384,5.026265327985201
2025-12-03T18:03:36,3,3,Q-Learning,250,12442,161,203,0.5,0.3,0.2,3,10.16148773280325,0.16316924837253297,2.7575721771132544,5.681209076336036
2025-12-03T18:03:37,3,3,SARSA,250,12442,161,203,0.5,0.3,0.2,4,31.33472006343374,0.12921996907386837,4.785091886782956,16.66314439979562
2025-12-03T18:03:37,3,4,Basit,250,12442,99,6,0.5,0.3,0.2,2,6.000073394855396,0.07108621600949555,1.7740674639407854,3.3761760550187034
2025-12-03T18:03:38,3,4,Q-Learning,250,12442,99,6,0.5,0.3,0.2,2,6.000073394855396,0.07108621600949555,1.7740674639407854,3.3761760550187034
2025-12-03T18:03:38,3,4,SARSA,250,12442,99,6,0.5,0.3,0.2,2,6.000073394855396,0.07108621600949555,1.7740674639407854,3.3761760550187034
2025-12-03T18:03:38,3,5,Basit,250,12442,30,120,0.5,0.3,0.2,3,10.694328421163394,0.11394820269510351,2.4673235912835643,5.874813389646941
2025-12-03T18:03:39,3,5,Q-Learning,250,12442,30,120,0.5,0.3,0.2,6,38.82018280584981,0.2093991360630404,12.235464970897386,21.920004137923296
2025-12-03T18:03:39,3,5,SARSA,250,12442,30,120,0.5,0.3,0.2,3,14.099591603627728,0.1184154480982011,3.7450552312517464,7.834331482493674
2025-12-03T18:03:39,4,1,Basit,250,12371,228,93,0.5,0.3,0.2,3,8.35317665305087,0.09164259431132232,6.794155190755717,5.562912142969974
2025-12-03T18:03:40,4,1,Q-Learning,250,12371,228,93,0.5,0.3,0.2,3,15.68895515514478,0.12453968124967145,3.1009049248370397,8.5020204669147
2025-12-03T18:03:40,4,1,SARSA,250,12371,228,93,0.5,0.3,0.2,3,24.51577920225942,0.12144991237801465,3.921972184492498,13.078719011741615
2025-12-03T18:03:40,4,2,Basit,250,12371,218,128,0.5,0.3,0.2,3,8.46105318758082,0.11537762945227464,3.550574402230949,4.975254763072282
2025-12-03T18:03:41,4,2,Q-Learning,250,12371,218,128,0.5,0.3,0.2,3,13.143771443835394,0.12417432950205196,3.777860475282619,7.3647101158248365
2025-12-03T18:03:41,4,2,SARSA,250,12371,218,128,0.5,0.3,0.2,3,8.817448886219733,0.13106524695957153,4.480857584839348,5.344215534165608
2025-12-03T18:03:41,4,3,Basit,250,12371,179,114,0.5,0.3,0.2,3,10.32741927379922,0.15079772432760674,2.6771282731790436,5.744374608833701
2025-12-03T18:03:42,4,3,Q-Learning,250,12371,179,114,0.5,0.3,0.2,5,21.754430629241263,0.24874644083638914,7.220466136980197,12.395932474267589
2025-12-03T18:03:43,4,3,SARSA,250,12371,179,114,0.5,0.3,0.2,4,25.783756599738773,0.21735488018243643,3.4766555240141512,13.652415868726948
2025-12-03T18:03:43,4,4,Basit,250,12371,113,148,0.5,0.3,0.2,2,8.47603431667487,0.05688627885240706,1.262345167224271,4.507552075438012
2025-12-03T18:03:43,4,4,Q-Learning,250,12371,113,148,0.5,0.3,0.2,2,8.47603431667487,0.05688627885240706,1.262345167224271,4.507552075438012
2025-12-03T18:03:44,4,4,SARSA,250,12371,113,148,0.5,0.3,0.2,2,8.47603431667487,0.05688627885240706,1.262345167224271,4.507552075438012
2025-12-03T18:03:44,4,5,Basit,250,12371,76,50,0.5,0.3,0.2,3,8.757154399596661,0.11674766011457424,2.7171273867790307,4.957026975188509
2025-12-03T18:03:44,4,5,Q-Learning,250,12371,76,50,0.5,0.3,0.2,2,14.840140110206047,0.07026653092924151,1.9370873089537604,7.828567476172548
2025-12-03T18:03:45,4,5,SARSA,250,12371,76,50,0.5,0.3,0.2,3,19.945445851205275,0.11155986558158312,2.7461635750331674,10.555423600283746
2025-12-03T18:03:45,5,1,Basit,250,12402,17,88,0.5,0.3,0.2,3,9.265856089005167,0.1586046499002164,6.075096453175754,5.895528730107799
2025-12-03T18:03:45,5,1,Q-Learning,250,12402,17,88,0.5,0.3,0.2,2,12.320733455772285,0.09559022641909448,1.1497652343275997,6.41899684267739
2025-12-03T18:03:46,5,1,SARSA,250,12402,17,88,0.5,0.3,0.2,2,12.320733455772285,0.09559022641909448,1.1497652343275997,6.41899684267739
2025-12-03T18:03:46,5,2,Basit,250,12402,87,134,0.5,0.3,0.2,3,9.732303551122897,0.1062644717964385,6.3772265286817795,6.173476422836735
2025-12-03T18:03:47,5,2,Q-Learning,250,12402,87,134,0.5,0.3,0.2,2,14.813191373346987,0.04881817364953631,3.121303644719833,8.045501867712321
2025-12-03T18:03:47,5,2,SARSA,250,12402,87,134,0.5,0.3,0.2,2,14.813191373346987,0.04881817364953631,3.121303644719833,8.045501867712321
2025-12-03T18:03:47,5,3,Basit,250,12402,174,228,0.5,0.3,0.2,3,9.323456659422591,0.15919438962081295,3.9062480493516176,5.490736256467864
2025-12-03T18:03:48,5,3,Q-Learning,250,12402,174,228,0.5,0.3,0.2,3,9.323456659422591,0.15919438962081295,3.9062480493516176,5.490736256467864
2025-12-03T18:03:48,5,3,SARSA,250,12402,174,228,0.5,0.3,0.2,4,27.601063905735067,0.1354633606667891,5.206350766767229,14.882441114421017
2025-12-03T18:03:48,5,4,Basit,250,12402,198,109,0.5,0.3,0.2,3,12.394050640411066,0.08562760177584808,3.2492657135636063,6.872566743451008
2025-12-03T18:03:49,5,4,Q-Learning,250,12402,198,109,0.5,0.3,0.2,7,45.40549721678786,0.2823781212118063,12.984192051229691,25.384300455003412
2025-12-03T18:03:49,5,4,SARSA,250,12402,198,109,0.5,0.3,0.2,3,16.575780920087777,0.12689935263507024,3.621497880852515,9.050259842004913
2025-12-03T18:03:49,5,5,Basit,250,12402,1,21,0.5,0.3,0.2,2,3.060365233478016,0.07660020003257968,1.3952015848004167,1.832202993708865
2025-12-03T18:03:50,5,5,Q-Learning,250,12402,1,21,0.5,0.3,0.2,2,3.060365233478016,0.07660020003257968,1.3952015848004167,1.832202993708865
2025-12-03T18:03:50,5,5,SARSA,250,12402,1,21,0.5,0.3,0.2,2,3.060365233478016,0.07660020003257968,1.3952015848004167,1.832202993708865
2025-12-03T18:03:50,6,1,Basit,250,12601,184,96,0.5,0.3,0.2,3,9.610395565777496,0.1102323076165722,2.556157263584643,5.349498927890648
2025-12-03T18:03:51,6,1,Q-Learning,250,12601,184,96,0.5,0.3,0.2,3,19.93072917322577,0.13687191210202235,3.9394648748543912,10.794319135214371
2025-12-03T18:03:52,6,1,SARSA,250,12601,184,96,0.5,0.3,0.2,7,52.6082693204591,0.4117659850689108,18.09702392700785,30.047069241151796
2025-12-03T18:03:52,6,2,Basit,250,12601,103,24,0.5,0.3,0.2,3,9.854314186928779,0.14991570774909632,6.246643207304748,6.221460447250068
2025-12-03T18:03:52,6,2,Q-Learning,250,12601,103,24,0.5,0.3,0.2,3,16.999195292071096,0.16357241401218106,5.416967265742438,9.632062823387692
2025-12-03T18:03:53,6,2,SARSA,250,12601,103,24,0.5,0.3,0.2,3,12.996217085678776,0.14698978097826826,3.753478688926284,7.292901214918125
2025-12-03T18:03:53,6,3,Basit,250,12601,233,126,0.5,0.3,0.2,3,9.675908612504802,0.09551545491576105,2.58761797967893,5.384132538662915
2025-12-03T18:03:53,6,3,Q-Learning,250,12601,233,126,0.5,0.3,0.2,3,9.675908612504802,0.09551545491576105,2.58761797967893,5.384132538662915
2025-12-03T18:03:54,6,3,SARSA,250,12601,233,126,0.5,0.3,0.2,3,9.675908612504802,0.09551545491576105,2.58761797967893,5.384132538662915
2025-12-03T18:03:54,6,4,Basit,250,12601,81,18,0.5,0.3,0.2,3,8.930404072776948,0.13411238050044957,6.2569495765791565,5.756825665854441
2025-12-03T18:03:55,6,4,Q-Learning,250,12601,81,18,0.5,0.3,0.2,3,16.06920769927491,0.12363384404184782,11.34671692877919,10.341037388605848
2025-12-03T18:03:55,6,4,SARSA,250,12601,81,18,0.5,0.3,0.2,3,20.21123133973113,0.11747697233791135,3.9380000103954247,10.928458763646022
2025-12-03T18:03:55,6,5,Basit,250,12601,24,146,0.5,0.3,0.2,2,8.068876567462556,0.12198374262723002,1.063485395713526,4.2837304856621525
2025-12-03T18:03:56,6,5,Q-Learning,250,12601,24,146,0.5,0.3,0.2,2,8.068876567462556,0.12198374262723002,1.063485395713526,4.2837304856621525
2025-12-03T18:03:56,6,5,SARSA,250,12601,24,146,0.5,0.3,0.2,2,8.068876567462556,0.12198374262723002,1.063485395713526,4.2837304856621525
2025-12-03T18:03:56,7,1,Basit,250,12391,117,244,0.5,0.3,0.2,3,10.313219644794282,0.13356010509758762,3.2607164729826197,5.848821148522941
2025-12-03T18:03:57,7,1,Q-Learning,250,12391,117,244,0.5,0.3,0.2,4,28.580168213931458,0.231282789629021,7.067448548379551,15.772958653530345
2025-12-03T18:03:57,7,1,SARSA,250,12391,117,244,0.5,0.3,0.2,3,17.43366987035886,0.1962716761844035,7.195727563338816,10.214861950702513
2025-12-03T18:03:57,7,2,Basit,250,12391,8,15,0.5,0.3,0.2,2,9.236187307906379,0.08167204513971302,1.0636065558012109,4.855316578655346
2025-12-03T18:03:58,7,2,Q-Learning,250,12391,8,15,0.5,0.3,0.2,2,9.236187307906379,0.08167204513971302,1.0636065558012109,4.855316578655346
2025-12-03T18:03:58,7,2,SARSA,250,12391,8,15,0.5,0.3,0.2,2,9.236187307906379,0.08167204513971302,1.0636065558012109,4.855316578655346
2025-12-03T18:03:58,7,3,Basit,250,12391,222,139,0.5,0.3,0.2,3,10.039204136777341,0.2014027927080334,2.980068776194611,5.676036661440003
2025-12-03T18:03:59,7,3,Q-Learning,250,12391,222,139,0.5,0.3,0.2,4,36.02744407670361,0.21265078066232213,4.922128997824118,19.061943072115326
2025-12-03T18:04:00,7,3,SARSA,250,12391,222,139,0.5,0.3,0.2,2,12.394651025064835,0.08789787753668435,1.2238657062171268,6.468468017036848
2025-12-03T18:04:00,7,4,Basit,250,12391,165,190,0.5,0.3,0.2,2,3.9755241682751636,0.07495957439231865,2.42944311283486,2.49613857902225
2025-12-03T18:04:00,7,4,Q-Learning,250,12391,165,190,0.5,0.3,0.2,2,3.9755241682751636,0.07495957439231865,2.42944311283486,2.49613857902225
2025-12-03T18:04:01,7,4,SARSA,250,12391,165,190,0.5,0.3,0.2,2,3.9755241682751636,0.07495957439231865,2.42944311283486,2.49613857902225
2025-12-03T18:04:01,7,5,Basit,250,12391,47,84,0.5,0.3,0.2,3,9.234239377437993,0.12527462638064168,2.517653756788445,5.158232827990878
2025-12-03T18:04:02,7,5,Q-Learning,250,12391,47,84,0.5,0.3,0.2,4,27.854492548567507,0.09683835335929505,7.730128409288758,15.502323462149295
2025-12-03T18:04:02,7,5,SARSA,250,12391,47,84,0.5,0.3,0.2,3,9.234239377437993,0.12527462638064168,2.517653756788445,5.158232827990878
2025-12-03T18:04:02,8,1,Basit,250,12388,177,176,0.5,0.3,0.2,3,9.859895717668282,0.14976349685435408,2.8560374835589144,5.54608440460223
2025-12-03T18:04:03,8,1,Q-Learning,250,12388,177,176,0.5,0.3,0.2,3,24.50502509282775,0.17077806988151595,2.3274270070374676,12.769231368785823
2025-12-03T18:04:03,8,1,SARSA,250,12388,177,176,0.5,0.3,0.2,3,22.764554980452743,0.1347936568807679,2.147193567277168,11.852154300746037
2025-12-03T18:04:03,8,2,Basit,250,12388,147,143,0.5,0.3,0.2,3,11.82270376963614,0.14286061131056588,3.8775534113361374,6.729720750478467
2025-12-03T18:04:04,8,2,Q-Learning,250,12388,147,143,0.5,0.3,0.2,3,17.70662503554775,0.11565062010493636,5.780718820357894,10.044151467876935
2025-12-03T18:04:04,8,2,SARSA,250,12388,147,143,0.5,0.3,0.2,9,81.2028892676339,0.5302918135282645,24.324623688907003,45.625456915656834
2025-12-03T18:04:04,8,3,Basit,250,12388,241,235,0.5,0.3,0.2,3,12.498439258383192,0.1507676533445263,4.831766919277054,7.260803309050365
2025-12-03T18:04:05,8,3,Q-Learning,250,12388,241,235,0.5,0.3,0.2,3,13.458161367591842,0.12246818665531006,3.434287158599543,7.452678571512423
2025-12-03T18:04:06,8,3,SARSA,250,12388,241,235,0.5,0.3,0.2,3,12.498439258383192,0.1507676533445263,4.831766919277054,7.260803309050365
2025-12-03T18:04:06,8,4,Basit,250,12388,181,129,0.5,0.3,0.2,2,8.612976775405542,0.1055866132437544,2.3076060608522098,4.799685583846339
2025-12-03T18:04:07,8,4,Q-Learning,250,12388,181,129,0.5,0.3,0.2,2,8.612976775405542,0.1055866132437544,2.3076060608522098,4.799685583846339
2025-12-03T18:04:07,8,4,SARSA,250,12388,181,129,0.5,0.3,0.2,2,8.612976775405542,0.1055866132437544,2.3076060608522098,4.799685583846339
2025-12-03T18:04:07,8,5,Basit,250,12388,205,236,0.5,0.3,0.2,3,7.366155618909479,0.17049866895238694,3.2389223541304553,4.382011880966546
2025-12-03T18:04:08,8,5,Q-Learning,250,12388,205,236,0.5,0.3,0.2,3,7.366155618909479,0.17049866895238694,3.2389223541304553,4.382011880966546
2025-12-03T18:04:08,8,5,SARSA,250,12388,205,236,0.5,0.3,0.2,6,39.01728356156511,0.34394192286509456,14.605746565903427,22.532973670822766
2025-12-03T18:04:08,9,1,Basit,250,12386,241,75,0.5,0.3,0.2,2,5.709147863045786,0.10267594739654025,1.4535273053911255,3.17608217682008
2025-12-03T18:04:09,9,1,Q-Learning,250,12386,241,75,0.5,0.3,0.2,2,5.709147863045786,0.10267594739654025,1.4535273053911255,3.17608217682008
2025-12-03T18:04:09,9,1,SARSA,250,12386,241,75,0.5,0.3,0.2,2,5.709147863045786,0.10267594739654025,1.4535273053911255,3.17608217682008
2025-12-03T18:04:09,9,2,Basit,250,12386,131,41,0.5,0.3,0.2,3,10.630981871434194,0.035099959439897646,2.641983460479869,5.8544176156450405
2025-12-03T18:04:10,9,2,Q-Learning,250,12386,131,41,0.5,0.3,0.2,5,30.42482003799044,0.16191222964793298,13.20032212428837,17.901048112747272
2025-12-03T18:04:10,9,2,SARSA,250,12386,131,41,0.5,0.3,0.2,3,29.653493974262513,0.1257598877735396,8.291369057987174,16.522748765060754
2025-12-03T18:04:11,9,3,Basit,250,12386,27,66,0.5,0.3,0.2,3,8.725227984109539,0.1534566519125386,4.728512474370488,5.354353482502629
2025-12-03T18:04:11,9,3,Q-Learning,250,12386,27,66,0.5,0.3,0.2,4,16.794603973861808,0.21201128097914987,4.3050460531992085,9.32191458186449
2025-12-03T18:04:12,9,3,SARSA,250,12386,27,66,0.5,0.3,0.2,3,11.073454249820466,0.10633522920174587,3.4474077116450674,6.25810923599977
2025-12-03T18:04:12,9,4,Basit,250,12386,220,89,0.5,0.3,0.2,3,8.089250550372913,0.09600542301142313,3.5575164153670635,4.7849301851632955
2025-12-03T18:04:12,9,4,Q-Learning,250,12386,220,89,0.5,0.3,0.2,3,8.089250550372913,0.09600542301142313,3.5575164153670635,4.7849301851632955
2025-12-03T18:04:13,9,4,SARSA,250,12386,220,89,0.5,0.3,0.2,2,14.384043501332894,0.05354361424945078,5.1958189160736445,8.24724861815601
2025-12-03T18:04:13,9,5,Basit,250,12386,232,247,0.5,0.3,0.2,3,10.767066121494263,0.13170754612583316,2.11057637106797,5.845160598798476
2025-12-03T18:04:14,9,5,Q-Learning,250,12386,232,247,0.5,0.3,0.2,3,14.17731653156172,0.1571805420380466,3.011160400519611,7.738044508496197
2025-12-03T18:04:14,9,5,SARSA,250,12386,232,247,0.5,0.3,0.2,3,14.17731653156172,0.1571805420380466,3.011160400519611,7.738044508496197
2025-12-03T18:04:14,10,1,Basit,250,12327,111,80,0.5,0.3,0.2,3,10.261977924137337,0.06572857540511541,3.1446060808762315,5.77962875086545
2025-12-03T20:28:20,10,1,Q-Learning,250,12327,111,80,0.5,0.3,0.2,4,27.75478603205664,0.19297812832783498,5.352628831008673,15.005812220728405
2025-12-03T20:28:21,10,1,SARSA,250,12327,111,80,0.5,0.3,0.2,3,14.861930761942162,0.06811673816211687,7.058416831260097,8.863083768671736
2025-12-03T20:28:21,10,2,Basit,250,12327,19,72,0.5,0.3,0.2,3,9.19419680976642,0.1280115527951091,3.684182168504319,5.372338304422607
2025-12-03T20:28:22,10,2,Q-Learning,250,12327,19,72,0.5,0.3,0.2,2,11.915227369182196,0.07640059019994311,1.5527499354884609,6.291083848748773
2025-12-03T20:28:22,10,2,SARSA,250,12327,19,72,0.5,0.3,0.2,2,11.915227369182196,0.07640059019994311,1.5527499354884609,6.291083848748773
2025-12-03T20:28:22,10,3,Basit,250,12327,248,128,0.5,0.3,0.2,3,12.780986666109532,0.11322046406631305,3.9390799758690953,7.212275467448479
2025-12-03T20:28:23,10,3,Q-Learning,250,12327,248,128,0.5,0.3,0.2,4,24.493562239198283,0.1670222287767388,3.7611026195076964,13.049108312133704
2025-12-03T20:28:23,10,3,SARSA,250,12327,248,128,0.5,0.3,0.2,5,31.733923187781432,0.17581876717996997,6.659139383185081,17.251535100681725
2025-12-03T20:28:23,10,4,Basit,250,12327,34,101,0.5,0.3,0.2,3,7.845066275866712,0.15525522097942435,3.2297899246927315,4.61506768916573
2025-12-03T20:28:24,10,4,Q-Learning,250,12327,34,101,0.5,0.3,0.2,3,21.875111801871544,0.09463383998286215,3.991789834123595,11.76430401975535
2025-12-03T20:28:24,10,4,SARSA,250,12327,34,101,0.5,0.3,0.2,5,29.66945481228642,0.2274538336367678,5.113402548698312,15.925644065973904
2025-12-03T20:28:24,10,5,Basit,250,12327,184,239,0.5,0.3,0.2,3,9.626471887670732,0.06852596386850228,3.6648147553781656,5.566756684071549
2025-12-03T20:28:25,10,5,Q-Learning,250,12327,184,239,0.5,0.3,0.2,10,57.139668866348,0.5263354713587566,28.580753498790543,34.44388577433973
2025-12-03T20:28:26,10,5,SARSA,250,12327,184,239,0.5,0.3,0.2,3,18.27594642051975,0.08506290488201393,2.956718320651517,9.754835745854782
2025-12-03T20:28:26,11,1,Basit,250,12511,13,195,0.5,0.3,0.2,3,10.780139510560765,0.14575978274807214,4.553852227422182,6.344568135589241
2025-12-03T20:28:26,11,1,Q-Learning,250,12511,13,195,0.5,0.3,0.2,3,15.386527515111446,0.15975770399551675,6.108281867917535,8.962847442337885
2025-12-03T20:28:27,11,1,SARSA,250,12511,13,195,0.5,0.3,0.2,3,14.923111094425167,0.10763873469381689,2.28246840178869,7.950340847978467
2025-12-03T20:28:27,11,2,Basit,250,12511,106,110,0.5,0.3,0.2,3,12.054842825886203,0.1093526986216599,2.6894279235283305,6.598112807235266
2025-12-03T20:28:28,11,2,Q-Learning,250,12511,106,110,0.5,0.3,0.2,3,12.054842825886203,0.1093526986216599,2.6894279235283305,6.598112807235266
2025-12-03T20:28:28,11,2,SARSA,250,12511,106,110,0.5,0.3,0.2,3,12.054842825886203,0.1093526986216599,2.6894279235283305,6.598112807235266
2025-12-03T20:28:28,11,3,Basit,250,12511,60,23,0.5,0.3,0.2,3,8.423908120853746,0.1862360088716073,6.06459418220537,5.4807436995294285
2025-12-03T20:28:29,11,3,Q-Learning,250,12511,60,23,0.5,0.3,0.2,4,27.471439194031927,0.1729026756989807,8.055717945128261,15.39873398875131
2025-12-03T20:28:29,11,3,SARSA,250,12511,60,23,0.5,0.3,0.2,4,20.208903050921467,0.20270299231639205,6.663929166993071,11.498048256554267
2025-12-03T20:28:29,11,4,Basit,250,12511,104,53,0.5,0.3,0.2,3,9.854644337264764,0.19347066241037617,3.7226829382451694,5.729899955004528
2025-12-03T20:28:30,11,4,Q-Learning,250,12511,104,53,0.5,0.3,0.2,2,14.887104488910058,0.0971652780423989,1.3629654097807762,7.745294909823904
2025-12-03T20:28:31,11,4,SARSA,250,12511,104,53,0.5,0.3,0.2,2,14.887104488910058,0.0971652780423989,1.3629654097807762,7.745294909823904
2025-12-03T20:28:31,11,5,Basit,250,12511,123,211,0.5,0.3,0.2,3,8.641483654370871,0.09357698718491006,4.520404037209254,5.252895730782759
2025-12-03T20:28:32,11,5,Q-Learning,250,12511,123,211,0.5,0.3,0.2,2,11.035244397774612,0.0818738633195416,3.8406321782650283,6.310310793536174
2025-12-03T20:28:33,11,5,SARSA,250,12511,123,211,0.5,0.3,0.2,2,11.035244397774612,0.0818738633195416,3.8406321782650283,6.310310793536174
2025-12-03T20:28:33,12,1,Basit,250,12450,88,79,0.5,0.3,0.2,3,7.679456253981083,0.19370894009830414,8.501991110136572,5.598239031047347
2025-12-03T20:28:34,12,1,Q-Learning,250,12450,88,79,0.5,0.3,0.2,2,11.5554105572396,0.10112061045900075,7.081704708088629,7.224382403375226
2025-12-03T20:28:34,12,1,SARSA,250,12450,88,79,0.5,0.3,0.2,2,11.5554105572396,0.10112061045900075,7.081704708088629,7.224382403375226
2025-12-03T20:28:34,12,2,Basit,250,12450,240,16,0.5,0.3,0.2,3,8.281512886577604,0.14928925599509313,2.638262361315564,4.713195692350443
2025-12-03T20:28:35,12,2,Q-Learning,250,12450,240,16,0.5,0.3,0.2,3,9.327476506326033,0.166486642862464,3.3318104062937275,5.3800463272805015
2025-12-03T20:28:35,12,2,SARSA,250,12450,240,16,0.5,0.3,0.2,3,9.327476506326033,0.166486642862464,3.3318104062937275,5.3800463272805015
2025-12-03T20:28:35,12,3,Basit,250,12450,28,29,0.5,0.3,0.2,3,11.827062823163313,0.12413910100137163,5.0313755169799785,6.957048245278063
2025-12-03T20:28:36,12,3,Q-Learning,250,12450,28,29,0.5,0.3,0.2,3,21.8053010967853,0.14234550755390055,3.806172192021191,11.706588639063057
2025-12-03T20:28:37,12,3,SARSA,250,12450,28,29,0.5,0.3,0.2,4,24.548315942631717,0.16916606927733152,8.513759759985774,14.027659744096212
2025-12-03T20:28:37,12,4,Basit,250,12450,65,198,0.5,0.3,0.2,3,10.06784529215916,0.15765944452577646,5.262561455682433,6.133732770573799
2025-12-03T20:28:38,12,4,Q-Learning,250,12450,65,198,0.5,0.3,0.2,2,13.516208770987532,0.0861454401944041,9.617201854506021,8.707388388453293
2025-12-03T20:28:38,12,4,SARSA,250,12450,65,198,0.5,0.3,0.2,5,24.67932732135986,0.21301070291810326,14.909157859504068,15.385398443456175
2025-12-03T20:28:38,12,5,Basit,250,12450,180,22,0.5,0.3,0.2,3,7.522410558072542,0.1438692270694521,3.997204075240199,4.603806862205147
2025-12-03T20:28:39,12,5,Q-Learning,250,12450,180,22,0.5,0.3,0.2,4,19.711787110916276,0.12014932712019799,7.084353975236816,11.308809148641561
2025-12-03T20:28:39,12,5,SARSA,250,12450,180,22,0.5,0.3,0.2,3,14.332251962386698,0.14736719260460002,3.3880958104877523,7.887955301072279
2025-12-03T20:28:39,13,1,Basit,250,12412,108,93,0.5,0.3,0.2,3,8.710417561112443,0.11317502784708663,3.1747678777006203,5.024114864450472
2025-12-03T20:28:40,13,1,Q-Learning,250,12412,108,93,0.5,0.3,0.2,3,17.88581219744532,0.12810797542683733,5.3642605722224195,10.054190605795194
2025-12-03T20:28:41,13,1,SARSA,250,12412,108,93,0.5,0.3,0.2,3,12.411975642561895,0.15555829362867885,4.4822915892815445,7.14911362722586
2025-12-03T20:28:41,13,2,Basit,250,12412,226,183,0.5,0.3,0.2,3,8.826252057861698,0.07638921040415679,3.04267956170559,5.044578704393214
2025-12-03T20:28:42,13,2,Q-Learning,250,12412,226,183,0.5,0.3,0.2,3,11.231390089887618,0.10841030719037238,4.001493751116384,6.448516887324198
2025-12-03T20:28:42,13,2,SARSA,250,12412,226,183,0.5,0.3,0.2,4,16.17948860739917,0.10984176274959485,11.206658533274513,10.364028539179365
2025-12-03T20:28:42,13,3,Basit,250,12412,9,229,0.5,0.3,0.2,3,9.636276828515168,0.10029510420586712,3.5137340173255254,5.5509737489844495
2025-12-03T20:28:43,13,3,Q-Learning,250,12412,9,229,0.5,0.3,0.2,3,12.143758567329343,0.1448572163990003,3.517027796431349,6.818742007870641
2025-12-03T20:28:43,13,3,SARSA,250,12412,9,229,0.5,0.3,0.2,5,26.760721829627926,0.21819588021732722,6.792099355713633,14.804239550021888
2025-12-03T20:28:43,13,4,Basit,250,12412,34,233,0.5,0.3,0.2,3,9.636536211397202,0.13415703853197644,2.622239345075223,5.382963086273238
2025-12-03T20:28:44,13,4,Q-Learning,250,12412,34,233,0.5,0.3,0.2,3,14.416162911776231,0.07079005759224505,3.0117105284813865,7.831660578862067
2025-12-03T20:28:45,13,4,SARSA,250,12412,34,233,0.5,0.3,0.2,3,15.532208965772499,0.13747423055461735,5.162201471946031,8.839787046441842
2025-12-03T20:28:45,13,5,Basit,250,12412,19,201,0.5,0.3,0.2,3,8.887135656340455,0.12040681139756035,3.7357005260831255,5.226829976806121
2025-12-03T20:28:45,13,5,Q-Learning,250,12412,19,201,0.5,0.3,0.2,2,9.191528754314879,0.02798864532888775,7.232018396118102,6.0505646499797265
2025-12-03T20:28:46,13,5,SARSA,250,12412,19,201,0.5,0.3,0.2,3,24.569972845857844,0.10905198212872078,5.352660927224219,13.388234203012383
2025-12-03T20:28:46,14,1,Basit,250,12433,23,101,0.5,0.3,0.2,4,12.345040368780193,0.11697171136159226,7.576356490966781,7.722882995991931
2025-12-03T20:28:47,14,1,Q-Learning,250,12433,23,101,0.5,0.3,0.2,3,18.35726376822629,0.14067039191452207,2.4063316842160507,9.702099338530711
2025-12-03T20:28:47,14,1,SARSA,250,12433,23,101,0.5,0.3,0.2,4,22.678803575715225,0.1822282552968789,6.102209706753429,12.61451220579736
2025-12-03T20:28:47,14,2,Basit,250,12433,122,40,0.5,0.3,0.2,3,11.173972558333691,0.12258060528871466,4.2874887615953154,6.481258213072524
2025-12-03T20:28:48,14,2,Q-Learning,250,12433,122,40,0.5,0.3,0.2,3,12.87009849704217,0.18219538370229116,4.338656249547944,7.3574391135413615
2025-12-03T20:28:48,14,2,SARSA,250,12433,122,40,0.5,0.3,0.2,3,12.022646007072948,0.08943094787127026,2.9666642985520264,6.63148514760826
2025-12-03T20:28:48,14,3,Basit,250,12433,186,113,0.5,0.3,0.2,3,8.29868922679412,0.1670805227464706,3.058129975252532,4.811094765271507
2025-12-03T20:28:49,14,3,Q-Learning,250,12433,186,113,0.5,0.3,0.2,3,16.60650312744481,0.1386760595983689,2.422698711793877,8.829394123960691
2025-12-03T20:28:49,14,3,SARSA,250,12433,186,113,0.5,0.3,0.2,4,17.097118542087056,0.17376354162470584,4.624459654886022,9.525580264508143
2025-12-03T20:28:49,14,4,Basit,250,12433,15,107,0.5,0.3,0.2,3,8.406069277895336,0.1707007863650549,7.952247629569003,5.844694400770985
2025-12-03T20:28:50,14,4,Q-Learning,250,12433,15,107,0.5,0.3,0.2,3,13.189393886271533,0.13231527322065953,2.288735303105083,7.0921385857229815
2025-12-03T20:28:50,14,4,SARSA,250,12433,15,107,0.5,0.3,0.2,4,31.59241851818598,0.2124294571250936,10.08033413889986,17.87600492401049
2025-12-03T20:28:50,14,5,Basit,250,12433,132,213,0.5,0.3,0.2,2,10.26163979339009,0.10636865390606398,1.6142521471343367,5.485580922293732
2025-12-03T20:28:51,14,5,Q-Learning,250,12433,132,213,0.5,0.3,0.2,7,54.07519658072808,0.33822579644376394,10.518905698560022,29.242847169009174
2025-12-03T20:28:52,14,5,SARSA,250,12433,132,213,0.5,0.3,0.2,2,10.26163979339009,0.10636865390606398,1.6142521471343367,5.485580922293732
2025-12-03T20:28:52,15,1,Basit,250,12373,0,167,0.5,0.3,0.2,3,10.790182851354949,0.12672479223926958,7.121155847543596,6.857340032857975
2025-12-03T20:28:52,15,1,Q-Learning,250,12373,0,167,0.5,0.3,0.2,3,14.789545479359443,0.1272669298848507,3.1589210832161774,8.064737035288413
2025-12-03T20:28:53,15,1,SARSA,250,12373,0,167,0.5,0.3,0.2,7,62.691634436140745,0.31598763939817576,19.13912730532812,35.26843897095545
2025-12-03T20:28:53,15,2,Basit,250,12373,40,155,0.5,0.3,0.2,2,7.515278226322663,0.06453046758488826,2.0464849631654203,4.186295246069882
2025-12-03T20:28:54,15,2,Q-Learning,250,12373,40,155,0.5,0.3,0.2,2,7.515278226322663,0.06453046758488826,2.0464849631654203,4.186295246069882
2025-12-03T20:28:54,15,2,SARSA,250,12373,40,155,0.5,0.3,0.2,2,7.515278226322663,0.06453046758488826,2.0464849631654203,4.186295246069882
2025-12-03T20:28:54,15,3,Basit,250,12373,113,125,0.5,0.3,0.2,3,11.27994247755308,0.11409200537044221,2.5449258040076597,6.183184001189205
2025-12-03T20:28:55,15,3,Q-Learning,250,12373,113,125,0.5,0.3,0.2,2,8.663375857257279,0.025184894367391117,9.362149221150133,6.211673241168883
2025-12-03T20:28:55,15,3,SARSA,250,12373,113,125,0.5,0.3,0.2,2,8.663375857257279,0.025184894367391117,9.362149221150133,6.211673241168883
2025-12-03T20:28:55,15,4,Basit,250,12373,122,167,0.5,0.3,0.2,3,9.140325967782498,0.1101095952485159,3.5683202075731906,5.3168599039804425
2025-12-03T20:28:56,15,4,Q-Learning,250,12373,122,167,0.5,0.3,0.2,3,13.935468642286963,0.14320633991417736,2.644750647969694,7.539646352711674
2025-12-03T20:28:56,15,4,SARSA,250,12373,122,167,0.5,0.3,0.2,3,14.373192336163708,0.11601775326402694,2.845046656706095,7.790410825402281
2025-12-03T20:28:56,15,5,Basit,250,12373,68,223,0.5,0.3,0.2,3,9.035984068068593,0.1428165400988458,3.409867803726157,5.242810556809182
2025-12-03T20:28:57,15,5,Q-Learning,250,12373,68,223,0.5,0.3,0.2,2,13.346464888160604,0.10019997866412858,2.471790894408261,7.197650616561193
2025-12-03T20:28:57,15,5,SARSA,250,12373,68,223,0.5,0.3,0.2,2,13.346464888160604,0.10019997866412858,2.471790894408261,7.197650616561193
2025-12-03T20:28:58,16,1,Basit,250,12465,123,20,0.5,0.3,0.2,3,10.395862598618837,0.1459755428661672,3.451006622294188,5.931925286628107
2025-12-03T20:28:58,16,1,Q-Learning,250,12465,123,20,0.5,0.3,0.2,3,11.486997711722147,0.06081995622666329,4.065632244470246,6.574871291623122
2025-12-03T20:28:59,16,1,SARSA,250,12465,123,20,0.5,0.3,0.2,4,19.72384947636586,0.18100951197376797,7.610974035432655,11.438422398861592
2025-12-03T20:28:59,16,2,Basit,250,12465,235,31,0.5,0.3,0.2,3,10.023789447711502,0.17944585195418603,3.6658724947554493,5.798902978393097
2025-12-03T20:28:59,16,2,Q-Learning,250,12465,235,31,0.5,0.3,0.2,3,14.330377404639053,0.21492778137334004,8.885163070890469,9.006699650909622
2025-12-03T20:29:00,16,2,SARSA,250,12465,235,31,0.5,0.3,0.2,3,15.941920132935325,0.19356241053435935,4.373770295028521,8.903782848633675
2025-12-03T20:29:00,16,3,Basit,250,12465,26,3,0.5,0.3,0.2,3,7.913321509842239,0.13623919059886988,5.873725293319877,5.172277570764756
2025-12-03T20:29:00,16,3,Q-Learning,250,12465,26,3,0.5,0.3,0.2,3,14.294541563060754,0.18669330356524177,4.5629684533465715,8.115872463269264
2025-12-03T20:29:01,16,3,SARSA,250,12465,26,3,0.5,0.3,0.2,3,15.613259901500928,0.15067684756328203,6.222733924718058,9.096379789963061
2025-12-03T20:29:01,16,4,Basit,250,12465,188,42,0.5,0.3,0.2,2,4.3733082797540295,0.04683215871198656,8.33806454783616,3.8683166970578426
2025-12-03T20:29:01,16,4,Q-Learning,250,12465,188,42,0.5,0.3,0.2,2,4.3733082797540295,0.04683215871198656,8.33806454783616,3.8683166970578426
2025-12-03T20:29:02,16,4,SARSA,250,12465,188,42,0.5,0.3,0.2,2,4.3733082797540295,0.04683215871198656,8.33806454783616,3.8683166970578426
2025-12-03T20:29:02,16,5,Basit,250,12465,107,70,0.5,0.3,0.2,3,8.669726984545182,0.1136128891136994,4.306138322988689,5.230175023604439
2025-12-03T20:29:03,16,5,Q-Learning,250,12465,107,70,0.5,0.3,0.2,3,8.669726984545182,0.1136128891136994,4.306138322988689,5.230175023604439
2025-12-03T20:29:03,16,5,SARSA,250,12465,107,70,0.5,0.3,0.2,3,8.669726984545182,0.1136128891136994,4.306138322988689,5.230175023604439
2025-12-03T20:29:03,17,1,Basit,250,12524,194,103,0.5,0.3,0.2,3,8.978628559284303,0.17999137009802868,2.679760944554248,5.07926387958241
2025-12-03T20:29:04,17,1,Q-Learning,250,12524,194,103,0.5,0.3,0.2,3,16.964756120966943,0.18535400950670677,4.870092686158097,9.512002800567103
2025-12-03T20:29:04,17,1,SARSA,250,12524,194,103,0.5,0.3,0.2,3,8.978628559284303,0.17999137009802868,2.679760944554248,5.07926387958241
2025-12-03T20:29:04,17,2,Basit,250,12524,170,105,0.5,0.3,0.2,3,9.171486233146693,0.10914658340830133,10.189067246333016,6.65630054086244
2025-12-03T20:29:05,17,2,Q-Learning,250,12524,170,105,0.5,0.3,0.2,4,20.919462777424204,0.1452896414744603,4.525733461401654,11.408464973434771
2025-12-03T20:29:05,17,2,SARSA,250,12524,170,105,0.5,0.3,0.2,4,31.550401701061865,0.09617062838661526,7.758371961572774,17.35572643136147
2025-12-03T20:29:05,17,3,Basit,250,12524,175,191,0.5,0.3,0.2,2,6.657130862785332,0.059236087202349144,3.0695569294768834,3.9602476434487475
2025-12-03T20:29:06,17,3,Q-Learning,250,12524,175,191,0.5,0.3,0.2,2,6.657130862785332,0.059236087202349144,3.0695569294768834,3.9602476434487475
2025-12-03T20:29:06,17,3,SARSA,250,12524,175,191,0.5,0.3,0.2,2,6.657130862785332,0.059236087202349144,3.0695569294768834,3.9602476434487475
2025-12-03T20:29:06,17,4,Basit,250,12524,192,161,0.5,0.3,0.2,3,10.852320030615314,0.1392528510270744,3.6585011474502873,6.199636100105836
2025-12-03T20:29:07,17,4,Q-Learning,250,12524,192,161,0.5,0.3,0.2,4,40.36046421557956,0.1392190693897212,10.158244359360568,22.25364670047881
2025-12-03T20:29:08,17,4,SARSA,250,12524,192,161,0.5,0.3,0.2,8,70.94759454121328,0.36829276496563224,16.78703788735716,38.941692677567765
2025-12-03T20:29:08,17,5,Basit,250,12524,109,100,0.5,0.3,0.2,3,9.641565530396358,0.13878097715151066,2.983254090150421,5.459067876373716
2025-12-03T20:29:09,17,5,Q-Learning,250,12524,109,100,0.5,0.3,0.2,3,12.968658907357192,0.14280713989468716,9.05887519287474,8.33894663422195
2025-12-03T20:29:09,17,5,SARSA,250,12524,109,100,0.5,0.3,0.2,3,8.932872265279821,0.16505778371150848,7.312600447445871,5.978473557242538
2025-12-03T20:29:09,18,1,Basit,250,12410,6,191,0.5,0.3,0.2,3,9.691156822926907,0.08613824100499312,3.5207796626545873,5.575575816295869
2025-12-03T20:29:10,18,1,Q-Learning,250,12410,6,191,0.5,0.3,0.2,3,9.585133517945298,0.09687482927224667,4.482629384744986,5.71815508470332
2025-12-03T20:29:10,18,1,SARSA,250,12410,6,191,0.5,0.3,0.2,4,24.433066244085342,0.12477209540925915,6.602688329975559,13.574502416660561
2025-12-03T20:29:10,18,2,Basit,250,12410,48,106,0.5,0.3,0.2,2,3.1766358920893745,0.10777171845213504,1.9223707288454517,2.005123607349418
2025-12-03T20:29:11,18,2,Q-Learning,250,12410,48,106,0.5,0.3,0.2,2,3.1766358920893745,0.10777171845213504,1.9223707288454517,2.005123607349418
2025-12-03T20:29:11,18,2,SARSA,250,12410,48,106,0.5,0.3,0.2,2,3.1766358920893745,0.10777171845213504,1.9223707288454517,2.005123607349418
2025-12-03T20:29:11,18,3,Basit,250,12410,132,239,0.5,0.3,0.2,2,8.056115955313771,0.10660932283750889,2.9024960372889286,4.640539981965924
2025-12-03T20:29:12,18,3,Q-Learning,250,12410,132,239,0.5,0.3,0.2,2,8.056115955313771,0.10660932283750889,2.9024960372889286,4.640539981965924
2025-12-03T20:29:13,18,3,SARSA,250,12410,132,239,0.5,0.3,0.2,5,40.88509245377014,0.2897865256475188,8.561564907178788,22.241795166015084
2025-12-03T20:29:13,18,4,Basit,250,12410,241,41,0.5,0.3,0.2,2,3.918847174572447,0.07209652731104008,1.0952556242804017,2.200103670335616
2025-12-03T20:29:13,18,4,Q-Learning,250,12410,241,41,0.5,0.3,0.2,2,3.918847174572447,0.07209652731104008,1.0952556242804017,2.200103670335616
2025-12-03T20:29:13,18,4,SARSA,250,12410,241,41,0.5,0.3,0.2,2,3.918847174572447,0.07209652731104008,1.0952556242804017,2.200103670335616
2025-12-03T20:29:13,18,5,Basit,250,12410,13,79,0.5,0.3,0.2,3,9.209515517317055,0.11120469118821186,5.424702927194459,5.723059751453882
2025-12-03T20:29:14,18,5,Q-Learning,250,12410,13,79,0.5,0.3,0.2,3,18.41532173287881,0.12718537732065516,6.150361785521232,10.475888836739847
2025-12-03T20:29:15,18,5,SARSA,250,12410,13,79,0.5,0.3,0.2,3,15.642168436297323,0.11008807675907467,2.483445563014523,8.350799753779288
2025-12-03T20:29:15,19,1,Basit,250,12475,237,232,0.5,0.3,0.2,2,7.7409588593477645,0.09300245537517515,2.3815484434144945,4.374689854969334
2025-12-03T20:29:16,19,1,Q-Learning,250,12475,237,232,0.5,0.3,0.2,2,7.7409588593477645,0.09300245537517515,2.3815484434144945,4.374689854969334
2025-12-03T20:29:16,19,1,SARSA,250,12475,237,232,0.5,0.3,0.2,2,7.7409588593477645,0.09300245537517515,2.3815484434144945,4.374689854969334
2025-12-03T20:29:16,19,2,Basit,250,12475,111,165,0.5,0.3,0.2,3,8.460999558586664,0.17576750362658258,2.6151420992906127,4.806258450239429
2025-12-03T20:29:17,19,2,Q-Learning,250,12475,111,165,0.5,0.3,0.2,6,34.02877305013209,0.31155311165043303,8.788183362912115,18.865489131143594
2025-12-03T20:29:17,19,2,SARSA,250,12475,111,165,0.5,0.3,0.2,2,10.719240246000231,0.0810810557075434,2.3188785375985623,5.84772014723209
2025-12-03T20:29:17,19,3,Basit,250,12475,112,203,0.5,0.3,0.2,3,8.775140038662636,0.15033489385682433,4.23419050314287,5.279508588116939
2025-12-03T20:29:18,19,3,Q-Learning,250,12475,112,203,0.5,0.3,0.2,4,24.745194286154476,0.13495838453170092,8.702680151696903,14.15362068877613
2025-12-03T20:29:18,19,3,SARSA,250,12475,112,203,0.5,0.3,0.2,2,13.812268720350591,0.07456268188162903,1.2980740132414876,7.188117967388082
2025-12-03T20:29:18,19,4,Basit,250,12475,60,5,0.5,0.3,0.2,3,8.755783597464601,0.14821149003410689,2.4133768514406464,4.905030616030662
2025-12-03T20:29:19,19,4,Q-Learning,250,12475,60,5,0.5,0.3,0.2,3,19.38525121022339,0.06478005806986505,3.1941573720394443,10.350891096940543
2025-12-03T20:29:20,19,4,SARSA,250,12475,60,5,0.5,0.3,0.2,3,17.68191123247366,0.12343528567712365,9.863109693865606,10.850608140713089
2025-12-03T20:29:20,19,5,Basit,250,12475,219,234,0.5,0.3,0.2,3,11.623156350016734,0.10854020034125966,2.671882363139342,6.378516707738613
2025-12-03T20:29:21,19,5,Q-Learning,250,12475,219,234,0.5,0.3,0.2,4,22.141764661726633,0.2641758444601584,4.2789801262856155,12.005931109458487
2025-12-03T20:29:21,19,5,SARSA,250,12475,219,234,0.5,0.3,0.2,4,29.671697273633036,0.271131605963702,11.919093769076266,17.30100687242088
2025-12-03T20:29:21,20,1,Basit,250,12449,32,88,0.5,0.3,0.2,3,7.950659648413439,0.1320180886739531,4.739357909061084,4.962806832621123
2025-12-03T20:29:22,20,1,Q-Learning,250,12449,32,88,0.5,0.3,0.2,3,11.60094648853294,0.09748713855728486,2.4105399944967054,6.311827384732997
2025-12-03T20:29:22,20,1,SARSA,250,12449,32,88,0.5,0.3,0.2,4,21.568159672227292,0.169159672697769,7.781631461384661,12.391154030199909
2025-12-03T20:29:22,20,2,Basit,250,12449,153,70,0.5,0.3,0.2,3,9.12165055651373,0.1669334508326657,3.8316410154007006,5.377233516586805
2025-12-03T20:29:23,20,2,Q-Learning,250,12449,153,70,0.5,0.3,0.2,6,55.457576770578555,0.3237284003612636,20.430993260366698,31.912105557470994
2025-12-03T20:29:23,20,2,SARSA,250,12449,153,70,0.5,0.3,0.2,3,9.803997715401943,0.1497882642535136,3.7988423870935932,5.706703814395745
2025-12-03T20:29:23,20,3,Basit,250,12449,15,97,0.5,0.3,0.2,3,7.585143753838606,0.0842161779221946,2.937136494836712,4.405264029263304
2025-12-03T20:29:24,20,3,Q-Learning,250,12449,15,97,0.5,0.3,0.2,3,7.585143753838606,0.0842161779221946,2.937136494836712,4.405264029263304
2025-12-03T20:29:25,20,3,SARSA,250,12449,15,97,0.5,0.3,0.2,2,8.676257389494069,0.0995208597157867,1.2677059790945793,4.621526148480687
2025-12-03T20:29:25,20,4,Basit,250,12449,140,41,0.5,0.3,0.2,2,7.87603603551954,0.10258602398861805,3.9601645094541063,4.760826726847177
2025-12-03T20:29:25,20,4,Q-Learning,250,12449,140,41,0.5,0.3,0.2,2,7.87603603551954,0.10258602398861805,3.9601645094541063,4.760826726847177
2025-12-03T20:29:26,20,4,SARSA,250,12449,140,41,0.5,0.3,0.2,2,7.87603603551954,0.10258602398861805,3.9601645094541063,4.760826726847177
2025-12-03T20:29:26,20,5,Basit,250,12449,207,88,0.5,0.3,0.2,3,9.524401672160177,0.14387221588942,6.1295788573391645,6.031278272314748
2025-12-03T20:29:27,20,5,Q-Learning,250,12449,207,88,0.5,0.3,0.2,4,29.88846146733806,0.19573931024417723,11.423400156572464,17.287632558056778
2025-12-03T20:29:27,20,5,SARSA,250,12449,207,88,0.5,0.3,0.2,3,27.727649821318483,0.1552664935268473,5.306919046805151,14.971788668078327
